Project ID	Type	Group	Project Name	WGSs
63-078	Research	Cancer	Risk factors associated with malignant transformation in astrocytoma brain tumors	10
63-102	Research	Cancer	MicroRNA expression in cholangiocarcinoma patients	56
63-104	Research	Cancer	Prediction of chemotherapy treatment outcomes using transcriptomic and proteomic analysis in lung cancer patients	98
63-105	Research	Cancer	Results of molecular subtype classification in muscle-invasive bladder cancer by grouping gene expression levels for predicting survival and treatment response	137
63-107	Research	Cancer	A study of gene mutation patterns and classification of subgroups of triple-negative breast cancer patients in southern Thailand for precision treatment planning	20
63-114	Research	Cancer	Exome study of sudden unexplained death syndrome (SUDS) victims in a young Thai population	1
63-115	Research	Cancer	Thai liver and cholangiocarcinoma organoid bank and deep genetic database for biomarker discovery and patient-specific treatment development	18
63-120	Research	Cancer	Pilot research project for Thai genomics: A study of genetic code data in Thai cancer patients	457
63-136	Research	Cancer	An integrative multi-omics analysis of ovarian cancer in Thai patients	63
64-075	Research	Cancer	Pharmacogenetics and pharmacokinetics of mycophenolic acid and metabolites	9
64-094	Research	Cancer	Development of an assay kit for BRCA1 gene mutations to detect BRCA1 mutations in colorectal cancer and prostate cancer patients in southern Thailand using next-generation sequencing technology and mutant BRCA1 gene expression	10
64-095	Research	Cancer	Development of an assay kit for WOX gene mutations to detect WOX gene mutations in southern Thai patients with esophageal squamous cell carcinoma using next-generation sequencing technology and mutant WOX gene expression	34
64-096	Research	Cancer	Relationship between vaginal microbiome and HPV resistance as a guideline for cervical cancer prevention and treatment	59
64-106	Research	Cancer	Research plan to develop comprehensive biomolecular indicators for targeted EGFR inhibitors to enhance treatment efficacy in Thai lung cancer patients	203
64-114	Research	Cancer	Detection of gene abnormalities in patients with hereditary colorectal cancer and synchronous cancers using whole-genome DNA sequencing analysis techniques	290
64-116	Research	Cancer	A study of genetics and DNA methylation levels in relation to the presence of anal cancer lesions	81
64-130	Research	Cancer	Multi-omics study in rare cancers and pediatric cancers for precision medicine	536
64-139	Research	Cancer	Integrative and multi-dimensional genomic study of glioma brain tumors	3
64-143	Research	Cancer	Integrative analysis system and database for precision medicine in cancer	1
64-144	Research	Cancer	Development of clinical service for personalized cancer treatment	10
64-169	Research	Cancer	Project suite for developing an integrated clinical genomic assay kit for Thai cancers	2360
64-192	Research	Cancer	Whole-genome sequencing and comprehensive biological composition (omics) studies in tissue and blood leading to the development of innovative assay kits for screening, diagnosis, personalized treatment, and treatment monitoring in lung cancer patients without specific driver mutations for targeted therapy	169
64-223	Research	Cancer	Pilot study of exome and transcriptome data in colorectal cancer in Thai patients using Next-generation sequencing (NGS)	55
65-035	Research	Cancer	Pharmacogenetics and pharmacokinetics of mycophenolic acid and metabolites (Phase 2)	9
65-042	Research	Cancer	Development of personalized cancer diagnosis using omics technology combined with drug response prediction in patient-derived cancer cell models (Year 2)	16
65-064	Research	Cancer	Detection of gene abnormalities in patients with hereditary colorectal cancer and synchronous cancers using whole-genome DNA sequencing analysis techniques (Year 2)	267
65-093	Research	Cancer	Multi-omics study in rare cancers and pediatric cancers for precision medicine (Year 2)	33
65-110	Research	Cancer	Development of a digital platform for utilizing pharmacogenetic data for rational drug use in Thai healthcare (PharmCard)	1
65-116	Research	Cancer	Development of an integrated clinical genomic assay kit for Thai cancers (Year 2)	413
66-109	Research	Cancer	MicroRNA expression in cholangiocarcinoma patients (Year 2)	95
66-126	Research	Cancer	(Project suite) Whole-genome sequencing and omics studies in tissue and blood leading to the development of innovative assay kits for screening, diagnosis, personalized treatment, and monitoring in lung cancer patients without specific driver mutations for targeted therapy (Year 3)	2
66-128	Research	Cancer	(Project suite) Whole-genome sequencing and omics studies in tissue and blood leading to the development of innovative assay kits for screening, diagnosis, personalized treatment, and monitoring in lung cancer patients without specific driver mutations for targeted therapy (Year 3)	1
66-129	Research	Cancer	(Project suite) Development of an integrated clinical genomic assay kit for Thai cancers (Year 3)	586
66-155	Research	Cancer	Detection of gene abnormalities in patients with hereditary colorectal cancer and synchronous cancers using whole-genome DNA sequencing analysis techniques (Year 3)	117
66-161	Research	Cancer	Diagnostic value of next-generation sequencing mutation analysis for thyroid nodules at risk of malignancy	41
67-100	Research	Cancer	Genetic factors associated with the development of cervical cancer in Thai women infected with HPV	1
67-137	Research	Cancer	Multi-omics study in rare cancers and pediatric cancers for precision medicine (Year 3)	84
67-156	Research	Cancer	Cost-utility analysis of Lynch syndrome screening in endometrial cancer patients using genetic testing and immunohistochemical special staining	1
68-066	Research	Cancer	Cost-utility analysis of Lynch syndrome screening in endometrial cancer patients using genetic testing and immunohistochemical special staining	1
64-113	Research	Infectious Diseases	A study of patient genetic markers associated with melioidosis and genetic diversity characteristics of Burkholderia pseudomallei isolated from patients, animals, and the environment in southern Thailand	15
64-148	Research	Infectious Diseases	Genomics and transcriptomics research guidelines for analyzing host-HIV interactions and improving treatment for HIV-infected patients in the northern region	16
64-152	Research	Infectious Diseases	Utilizing multi-omics to discover biomarkers for severe dengue fever	106
64-179	Research	Infectious Diseases	A study of genetic characteristics of tuberculosis patients and host-pathogen interactions	532
64-198	Research	Infectious Diseases	Project on the effects of genetics and immunity on SARS-CoV-2 infection following COVID-19 vaccination	1747
64-224	Research	Infectious Diseases	Comprehensive genomic analysis of patients and dengue virus from blood samples in a multi-center cohort study of pediatric dengue-infected patients	170
65-121	Research	Infectious Diseases	Integrative host-pathogen interaction study in tuberculosis and tuberculous meningitis patients: Bacterial genomics versus host genetics and immune response (Year 2)	685
66-145	Research	Infectious Diseases	Discovery of genomic nucleotide sequences and biomarkers in Thais indicating different tuberculosis infection statuses	50
66-149	Research	Infectious Diseases	Genome-wide association study of pathogens and patients with melioidosis in southern Thailand to discover genes related to disease severity	13
67-089	Research	Infectious Diseases	Discovery of genomic nucleotide sequences and biomarkers in Thais indicating different tuberculosis infection statuses (Year 2)	23
67-102	Research	Infectious Diseases	Integrative host-pathogen interaction study in tuberculosis and tuberculous meningitis patients: Bacterial genomics versus host genetics and immune response (Year 3)	39
63-076	Research	NCD	Genetic diversity specific to Thai epilepsy patients	4
63-077	Research	NCD	Whole-base sequencing (whole-genome sequencing) in severe Thai obesity volunteer patients to develop a genetic risk score for assessing clinical severity and personalized treatment response	1
64-084	Research	NCD	Relationship between polymorphisms and mutations associated with type 2 diabetes	821
64-093	Research	NCD	Advanced study of clinical presentation and genetic characteristics in Thai patients with familial hypercholesterolemia for clinical application	28
64-098	Research	NCD	Clinical study to evaluate the utility of a genetic risk score for obesity in Thai volunteers	331
64-128	Research	NCD	Study of genetic factors in patients at high risk for cardiovascular complications compared with controls	3700
65-047	Research	NCD	Study of genetic factors in patients at high risk for cardiovascular complications compared with controls (Year 2)	44
65-100	Research	NCD	Advanced study of clinical presentation and genetic characteristics in Thai patients with familial hypercholesterolemia for clinical application (Year 2)	84
65-111	Research	NCD	Genetic diversity associated with non-alcoholic fatty liver disease (NAFLD) in type 2 diabetes patients (Year 2)	820
65-115	Research	NCD	Genetic characteristics associated with the development of type 2 diabetes in highland Thai populations, Thailand	2954
65-119	Research	NCD	Study of genetic abnormalities in chronic kidney disease patients in Khon Kaen province to develop diagnostic and prognostic molecular biomarkers	1045
65-126	Research	NCD	Longitudinal and follow-up study of chronic non-communicable diseases and risk factors among urban working-age populations in Bangkok Noi (Siriraj One Health Project)	1566
66-094	Research	NCD	Genetic factors in women with gestational diabetes mellitus and their relationship with clinical symptoms as indicators for precision medicine	530
66-098	Research	NCD	Clinical study to evaluate the utility of a genetic risk score for obesity in Thai volunteers (Year 2)	70
66-136	Research	NCD	Whole-genome human sequencing and integrated hypertension prevention program for rural elderly in the northeastern region	1021
66-138	Research	NCD	Whole-genome sequencing in gestational diabetes mellitus patients to develop a genetic risk score for assessing clinical risk and personalized treatment response	841
66-139	Research	NCD	Study of genetic factors in patients at high risk for cardiovascular complications compared with controls (Year 3)	1
66-154	Research	NCD	Transcriptomic research on type 2 diabetes and related complications (Continuously funded Year 3 project from the original title: Relationship between polymorphisms and mutations associated with type 2 diabetes) (Year 3)	393
67-105	Research	NCD	Genetic diversity associated with non-alcoholic fatty liver disease (NAFLD) in obese vs. non-obese type 2 diabetes patients (Year 4)	296
64-080	Research	Pharmacogenomics	Pharmacogenetics of severe cutaneous adverse drug reactions caused by major causative drugs in Thailand	24
64-082	Research	Pharmacogenomics	Pharmacogenetics of leukemia treatment drugs in the Thai population	324
64-099	Research	Pharmacogenomics	Pharmacogenetics of 5-fluorouracil and its clinical impact in Thai colorectal cancer patients	31
64-100	Research	Pharmacogenomics	Pharmacogenetics of thiopurine drugs in pediatric acute lymphoblastic leukemia patients	78
64-110	Research	Pharmacogenomics	Study of pharmacogenetics of severe drug hypersensitivity	168
64-111	Research	Pharmacogenomics	Study of pharmacogenetics of drug-induced liver injury	1108
64-115	Research	Pharmacogenomics	Pharmacogenetics of clozapine regarding efficacy and adverse drug reactions in schizophrenia patients	37
64-127	Research	Pharmacogenomics	Pharmacogenetics and T-cell identity analysis of severe drug hypersensitivity in Thai patients across multi-institutions under the Thai SCARs network	42
64-129	Research	Pharmacogenomics	Study of pharmacogenetics and T-cell identity analysis of severe drug hypersensitivity in children, and a multi-center descriptive study of drug hypersensitivity in children	46
64-137	Research	Pharmacogenomics	Pharmacogenetics and pharmacoeconomics for predicting deferasirox plasma levels and clinical outcomes in Thai hematological patients with iron overload	104
64-142	Research	Pharmacogenomics	Pharmacogenetics in Thai kidney transplant recipients	1272
65-038	Research	Pharmacogenomics	Pharmacogenetics of severe cutaneous adverse drug reactions caused by major causative drugs in Thailand (Year 2)	73
65-048	Research	Pharmacogenomics	Genetic markers for predicting resistance to Tyrosine kinase inhibitors in Thai chronic myeloid leukemia patients	66
65-082	Research	Pharmacogenomics	Pharmacogenetics of thiopurine drugs in pediatric acute lymphoblastic leukemia patients (Year 2)	13
65-084	Research	Pharmacogenomics	Pharmacogenetics of 5-fluorouracil and its clinical impact in Thai colorectal cancer patients (Year 2)	116
66-064	Research	Pharmacogenomics	Pharmacogenetics in Thai kidney transplant recipients (Year 2)	37
66-116	Research	Pharmacogenomics	Pharmacogenetics of tamoxifen: Relationship between CYP2D6 genetic polymorphisms and tamoxifen biotransformation in Thai cancer patients	42
66-156	Research	Pharmacogenomics	Pharmacokinetics and pharmacogenetics of immunosuppressive drugs in heart transplant surgery patients	50
66-160	Research	Pharmacogenomics	Relationship between Human Leukocyte Antigen (HLA) types and statin-induced immune-mediated necrotizing myopathy	17
67-088	Research	Pharmacogenomics	Study of pharmacogenetics of severe drug hypersensitivity Year 2	6
N35A640274	Research	Pharmacogenomics	Genetic risk factors for side effects or adverse events following COVID-19 vaccination in Thailand	221
66-151	Research	Popgen	Establishment of an ethnic DNA database for population genetics and medical reference	848
67-117	Research	Popgen	Establishment of an ethnic DNA database for population genetics and medical reference (Year 2)	183
C10F650132	Research	Popgen	Project on developing cooperation and capacity in single-cell omics technology in Thailand from regional to international standards (Human Cell Atlas) (PMU-C65)	138
63-080	Research	Rare Diseases	Creation of a lower southern regional population genome database in Health Region 12	93
63-096	Research	Rare Diseases	Development of testing via whole-transcriptome sequencing analysis in Thai infants with cholestatic jaundice	127
63-113	Research	Rare Diseases	Establishment and development of genetic sequencing systems for patients with genetic disorders, rare diseases, and disabilities	100
64-123	Research	Rare Diseases	Molecular etiology and pathogenetic mechanisms of gingival overgrowth	83
64-124	Research	Rare Diseases	Study of saliva bacteria and proteome specific to periodontal disease in patients with rare primary immunodeficiency genetic disorders	109
64-125	Research	Rare Diseases	Creation and development of a genome editing platform for targeted treatment in severe genetic disorders, rare diseases, undiagnosed diseases, disabilities, and genetic conditions: Development of diagnostic systems and research management	2
64-132	Research	Rare Diseases	Study of the relationship between mutations and clinical presentation in neurofibromatosis patients	999
64-140	Research	Rare Diseases	Study of saliva bacteria and proteome specific to periodontal disease in patients with rare primary immunodeficiency genetic disorders (Year 2)	133
65-039	Research	Rare Diseases	Rare diseases, undiagnosed diseases, disabilities, and genetic conditions: Development of diagnostic systems and research management (Year 2)	240
65-040	Research	Rare Diseases	Study of the relationship between mutations and clinical presentation in neurofibromatosis patients (Year 2)	1155
65-041	Research	Rare Diseases	Development of biomarker assays for lysosomal storage diseases (LSDs) using tandem mass spectrometry	4
66-081	Research	Rare Diseases	Benefits of molecular genetic studies and family screening for disease diagnosis, family screening, discovering new genes, and/or mechanisms of monogenic or monogenic-like inherited heart diseases in the Thai population	57
66-082	Research	Rare Diseases	Study of saliva bacteria and proteome specific to periodontal disease in patients with rare primary immunodeficiency genetic disorders (Year 3)	199
66-101	Research	Rare Diseases	Pathogenic gene discovery by whole-genome sequencing to diagnose genetic amyotrophic lateral sclerosis in Thailand	175
66-117	Research	Rare Diseases	Rare diseases, undiagnosed diseases, disabilities, and genetic conditions: Development of diagnostic systems and research management (Year 3)	192
66-122	Research	Rare Diseases	Study of gene mutations using exome sequencing in Thai pediatric steroid-resistant nephrotic syndrome patients	909
66-146	Research	Rare Diseases	Genetic study of high refractive error (extreme myopia) in Thailand	49
66-157	Research	Rare Diseases	Precision medicine in infants with abnormal newborn screening results	216
66-158	Research	Rare Diseases	Study of gene mutations using exome sequencing in Thai pediatric steroid-resistant nephrotic syndrome patients Year 2	157
67-087	Research	Rare Diseases	Pathogenic gene discovery by whole-genome sequencing to diagnose genetic amyotrophic lateral sclerosis in Thailand (Year 2)	7
67-104	Research	Rare Diseases	The genetic study in patients with central nervous system demyelinating diseases in Siriraj Hospital	147
709/2561 (EC3)	Research	Rare Diseases	To support cancer patient services	313
00-002	Service	Cancer	To support services	2623
00-000	Service	Non-Rare & Non-Cancer	To support rare disease patient services	1017
00-001	Service	Rare Diseases		13017